MOBIUS OFFICE (primary),mobius_api
A.T. Still University,mobius_api_aujom
Avila University,mobius_api_wuaei
Benedictine College,mobius_api_kzbzj
Calvary University,mobius_api_wzybo
Central Methodist University,mobius_api_pqjsv
Columbia College,mobius_api_vocxx
Conception Abbey and Seminary,mobius_api_ntmit
Concordia,mobius_api_kazcc
Cottey College,mobius_api_qxvkx
Covenant Theological Seminary,mobius_api_aasso
Crowder College,mobius_api_azwwz
Culver-Stockton College,mobius_api_bilem
Drury University,mobius_api_hbchh
East Central College,mobius_api_zuybe
Evangel University,mobius_api_siviz
Fontbonne University,mobius_api_tnfzx
Goldfarb School of Nursing,mobius_api_gsxfa
Hannibal-LaGrange University,mobius_api_pnzry
Harris-Stowe State University,mobius_api_zedlj
Jefferson College,mobius_api_crxnt
Kansas City Art Institute,mobius_api_jhgjz
Kansas City Kansas Community College,mobius_api_gfznz
Kansas City University,mobius_api_bewyb
Kenrick-Glennon Seminary,mobius_api_pnbbq
Lincoln University,mobius_api_hudyr
Lindenwood University,mobius_api_tqgzy
Logan University,mobius_api_oojgi
Maryville University,mobius_api_wqofx
Metropolitan Community College,mobius_api_ozovw
Midwestern Baptist Theological Seminary,mobius_api_nonaj
Mineral Area College,mobius_api_lejpy
Missouri Baptist University,mobius_api_hqwbm
Missouri Botanical Garden,mobius_api_rfhri
Missouri Historical Society,mobius_api_wxfwb
Missouri Southern State University,mobius_api_wxztb
Missouri State Library,mobius_api_zzqaj
Missouri Valley College,mobius_api_ruvau
Missouri Western State University,mobius_api_tvgwa
Moberly Area Community College,mobius_api_bdsea
Nazarene Theological Seminary,mobius_api_zipbc
North Central Missouri College,mobius_api_qzkda
Northwest Missouri State University,mobius_api_tyfzk
Ozark Christian College,mobius_api_ffcjk
Ozarks Technical Community College,mobius_api_tdvbg
Park University,mobius_api_vlfgx
Rockhurst University,mobius_api_psbjl
Saint Louis Art Museum,mobius_api_qstko
Saint Paul School of Theology,mobius_api_mmoxe
Southwest Baptist University,mobius_api_vzqdx
Southwestern Baptist Theological Seminary,mobius_api_jmyan
St. Charles Community College,mobius_api_vwzbt
St. Louis Community College,mobius_api_wbdxz
State Fair Community College,mobius_api_jhgie
State Technical College of Missouri,mobius_api_ifzwl
Stephens College,mobius_api_qpror
Three Rivers College,mobius_api_japmz
Truman State University,mobius_api_kgbqs
University of Health Sciences and Pharmacy,mobius_api_jrhhd
Webster University/Eden Seminary,mobius_api_irzsm
Westminster College,mobius_api_ndzny
William Jewell College,mobius_api_ohffd
William Woods University,mobius_api_cxfzr
