A.T. Still University,cs00000001_0053
Avila University,cs00000001_0020
Benedictine College,cs00000001_0006
Calvary University,cs00000001_0013
Central Methodist University,cs00000001_0027
Columbia College,cs00000001_0023
Conception Abbey and Seminary,cs00000001_0011
Concordia,cs00000001_0038
Cottey College,cs00000001_0047
Covenant Theological Seminary,cs00000001_0040
Crowder College,cs00000001_0049
Culver-Stockton College,cs00000001_0030
Drury University,cs00000001_0026
East Central College,cs00000001_0060
Evangel University,cs00000001_0050
Fontbonne University,cs00000001_0041
Goldfarb School of Nursing,cs00000001_0043
Hannibal-LaGrange University,cs00000001_0055
Harris-Stowe State University,cs00000001_0028
Jefferson College,cs00000001_0061
Kansas City Art Institute,cs00000001_0057
Kansas City Kansas Community College,cs00000001_0010
Kansas City University,cs00000001_0019
Kenrick-Glennon Seminary,cs00000001_0001
Lincoln University,cs00000001_0056
Lindenwood University,cs00000001_0044
Logan University,cs00000001_0029
Maryville University,cs00000001_0048
Metropolitan Community College,cs00000001_0045
Midwestern Baptist Theological Seminary,cs00000001_0007
Mineral Area College,cs00000001_0014
Missouri Baptist University,cs00000001_0002
Missouri Botanical Garden,cs00000001_0046
Missouri Historical Society,cs00000001_0031
Missouri Southern State University,cs00000001_0051
Missouri State Library,cs00000001_0015
Missouri Valley College,cs00000001_0058
Missouri Western State University,cs00000001_0008
Moberly Area Community College,cs00000001_0034
MOBIUS Office,cs00000001
Nazarene Theological Seminary,cs00000001_0012
North Central Missouri College,cs00000001_0018
Northwest Missouri State University,cs00000001_0009
Ozark Christian College,cs00000001_0032
Ozarks Technical Community College,cs00000001_0033
Park University,cs00000001_0003
Rockhurst University,cs00000001_0004
Saint Louis Art Museum,cs00000001_0035
Saint Paul School of Theology,cs00000001_0016
Southwest Baptist University,cs00000001_0052
Southwestern Baptist Theological Seminary,cs00000001_0062
St. Charles Community College,cs00000001_0022
St. Louis Community College,cs00000001_0021
State Fair Community College,cs00000001_0059
State Technical College of Missouri,cs00000001_0017
Stephens College,cs00000001_0039
Three Rivers College,cs00000001_0054
Truman State University,cs00000001_0042
University of Health Sciences and Pharmacy,cs00000001_0037
Webster University/Eden Seminary,cs00000001_0024
Westminster College,cs00000001_0025
William Jewell College,cs00000001_0005
William Woods University,cs00000001_0036